<?xml version="1.0" encoding="UTF-8"?>
<project-private xmlns="http://www.netbeans.org/ns/project-private/1">
    <editor-bookmarks xmlns="http://www.netbeans.org/ns/editor-bookmarks/2" lastBookmarkId="0"/>
    <open-files xmlns="http://www.netbeans.org/ns/projectui-open-files/2">
        <group>
            <file>file:/C:/Users/paty/Documents/NetBeansProjects/Parcial2PRC4/src/parcial2prc4/ManejaBitacora.java</file>
            <file>file:/C:/Users/paty/Documents/NetBeansProjects/Parcial2PRC4/src/parcial2prc4/Menu.java</file>
            <file>file:/C:/Users/paty/Documents/NetBeansProjects/Parcial2PRC4/src/parcial2prc4/Parcial2PRC4.java</file>
            <file>file:/C:/Users/paty/Documents/NetBeansProjects/Parcial2PRC4/src/parcial2prc4/Bitacora.java</file>
        </group>
    </open-files>
</project-private>
